[
{
  "model": "friends.friendrequest",
  "pk": 1,
  "fields": {
    "created_at": "2021-06-06T23:13:37.435Z",
    "updated_at": "2021-06-06T23:14:06.447Z",
    "sender": 2,
    "receiver": 1,
    "is_active": false
  }
},
{
  "model": "friends.friendrequest",
  "pk": 2,
  "fields": {
    "created_at": "2021-06-06T23:17:25.817Z",
    "updated_at": "2021-06-06T23:17:32.149Z",
    "sender": 3,
    "receiver": 1,
    "is_active": false
  }
},
{
  "model": "friends.friendrequest",
  "pk": 3,
  "fields": {
    "created_at": "2021-06-07T19:32:28.321Z",
    "updated_at": "2021-06-07T19:32:35.284Z",
    "sender": 4,
    "receiver": 1,
    "is_active": false
  }
},
{
  "model": "friends.friendrequest",
  "pk": 4,
  "fields": {
    "created_at": "2021-06-07T22:21:29.971Z",
    "updated_at": "2021-06-07T22:21:38.083Z",
    "sender": 1,
    "receiver": 2,
    "is_active": false
  }
},
{
  "model": "friends.friendrequest",
  "pk": 6,
  "fields": {
    "created_at": "2021-06-10T06:04:04.992Z",
    "updated_at": "2021-06-14T00:39:35.288Z",
    "sender": 5,
    "receiver": 2,
    "is_active": false
  }
},
{
  "model": "friends.friendrequest",
  "pk": 7,
  "fields": {
    "created_at": "2021-06-10T06:52:23.222Z",
    "updated_at": "2021-06-10T06:52:40.986Z",
    "sender": 6,
    "receiver": 1,
    "is_active": false
  }
},
{
  "model": "friends.friendrequest",
  "pk": 8,
  "fields": {
    "created_at": "2021-06-10T06:52:29.392Z",
    "updated_at": "2021-06-10T07:08:39.964Z",
    "sender": 6,
    "receiver": 2,
    "is_active": false
  }
},
{
  "model": "friends.friendrequest",
  "pk": 9,
  "fields": {
    "created_at": "2021-06-10T06:52:32.846Z",
    "updated_at": "2021-06-10T07:44:38.201Z",
    "sender": 6,
    "receiver": 5,
    "is_active": false
  }
},
{
  "model": "friends.friendrequest",
  "pk": 10,
  "fields": {
    "created_at": "2021-06-10T12:54:57.317Z",
    "updated_at": "2021-06-10T12:56:48.731Z",
    "sender": 7,
    "receiver": 1,
    "is_active": false
  }
},
{
  "model": "friends.friendrequest",
  "pk": 11,
  "fields": {
    "created_at": "2021-06-10T12:54:59.550Z",
    "updated_at": "2021-06-12T01:16:53.886Z",
    "sender": 7,
    "receiver": 2,
    "is_active": false
  }
},
{
  "model": "friends.friendrequest",
  "pk": 12,
  "fields": {
    "created_at": "2021-06-10T12:55:00.753Z",
    "updated_at": "2021-06-13T23:01:48.626Z",
    "sender": 7,
    "receiver": 6,
    "is_active": true
  }
},
{
  "model": "friends.friendrequest",
  "pk": 13,
  "fields": {
    "created_at": "2021-06-10T12:55:02.125Z",
    "updated_at": "2021-06-11T22:56:22.397Z",
    "sender": 7,
    "receiver": 5,
    "is_active": false
  }
},
{
  "model": "friends.friendrequest",
  "pk": 14,
  "fields": {
    "created_at": "2021-06-10T12:55:02.798Z",
    "updated_at": "2021-06-13T23:03:17.929Z",
    "sender": 7,
    "receiver": 4,
    "is_active": false
  }
},
{
  "model": "friends.friendrequest",
  "pk": 15,
  "fields": {
    "created_at": "2021-06-11T23:47:08.492Z",
    "updated_at": "2021-06-11T23:47:25.094Z",
    "sender": 8,
    "receiver": 1,
    "is_active": false
  }
},
{
  "model": "friends.friendrequest",
  "pk": 16,
  "fields": {
    "created_at": "2021-06-12T00:01:21.859Z",
    "updated_at": "2021-06-12T00:02:11.285Z",
    "sender": 5,
    "receiver": 8,
    "is_active": false
  }
},
{
  "model": "friends.friendrequest",
  "pk": 17,
  "fields": {
    "created_at": "2021-06-13T15:54:03.392Z",
    "updated_at": "2021-06-13T15:54:19.735Z",
    "sender": 2,
    "receiver": 8,
    "is_active": true
  }
},
{
  "model": "friends.friendrequest",
  "pk": 18,
  "fields": {
    "created_at": "2021-06-13T15:54:04.396Z",
    "updated_at": "2021-06-13T21:39:57.920Z",
    "sender": 2,
    "receiver": 3,
    "is_active": false
  }
},
{
  "model": "friends.friendrequest",
  "pk": 19,
  "fields": {
    "created_at": "2021-06-13T15:54:05.215Z",
    "updated_at": "2021-06-13T19:58:03.422Z",
    "sender": 2,
    "receiver": 4,
    "is_active": false
  }
},
{
  "model": "friends.friendrequest",
  "pk": 20,
  "fields": {
    "created_at": "2021-06-13T15:55:58.034Z",
    "updated_at": "2021-06-13T21:39:56.056Z",
    "sender": 5,
    "receiver": 3,
    "is_active": false
  }
},
{
  "model": "friends.friendrequest",
  "pk": 21,
  "fields": {
    "created_at": "2021-06-13T15:55:58.797Z",
    "updated_at": "2021-06-13T19:58:04.023Z",
    "sender": 5,
    "receiver": 4,
    "is_active": false
  }
},
{
  "model": "friends.friendrequest",
  "pk": 22,
  "fields": {
    "created_at": "2021-06-13T19:58:37.171Z",
    "updated_at": "2021-06-13T19:58:45.202Z",
    "sender": 9,
    "receiver": 4,
    "is_active": false
  }
},
{
  "model": "friends.friendrequest",
  "pk": 23,
  "fields": {
    "created_at": "2021-06-13T21:48:24.821Z",
    "updated_at": "2021-06-13T21:48:28.392Z",
    "sender": 10,
    "receiver": 5,
    "is_active": false
  }
},
{
  "model": "friends.friendrequest",
  "pk": 24,
  "fields": {
    "created_at": "2021-06-13T23:01:47.990Z",
    "updated_at": "2021-06-13T23:01:47.990Z",
    "sender": 7,
    "receiver": 3,
    "is_active": true
  }
},
{
  "model": "friends.friendrequest",
  "pk": 25,
  "fields": {
    "created_at": "2021-06-13T23:01:49.153Z",
    "updated_at": "2021-06-13T23:01:49.153Z",
    "sender": 7,
    "receiver": 9,
    "is_active": true
  }
},
{
  "model": "friends.friendrequest",
  "pk": 26,
  "fields": {
    "created_at": "2021-06-13T23:01:49.530Z",
    "updated_at": "2021-06-13T23:03:07.743Z",
    "sender": 7,
    "receiver": 10,
    "is_active": false
  }
},
{
  "model": "friends.friendrequest",
  "pk": 27,
  "fields": {
    "created_at": "2021-06-13T23:32:08.760Z",
    "updated_at": "2021-06-13T23:53:58.851Z",
    "sender": 1,
    "receiver": 11,
    "is_active": false
  }
},
{
  "model": "friends.friendrequest",
  "pk": 28,
  "fields": {
    "created_at": "2021-06-13T23:33:19.889Z",
    "updated_at": "2021-06-13T23:39:37.717Z",
    "sender": 11,
    "receiver": 1,
    "is_active": false
  }
},
{
  "model": "friends.friendrequest",
  "pk": 29,
  "fields": {
    "created_at": "2021-06-13T23:33:32.672Z",
    "updated_at": "2021-06-13T23:33:32.672Z",
    "sender": 11,
    "receiver": 3,
    "is_active": true
  }
},
{
  "model": "friends.friendrequest",
  "pk": 30,
  "fields": {
    "created_at": "2021-06-13T23:33:34.761Z",
    "updated_at": "2021-06-13T23:33:34.761Z",
    "sender": 11,
    "receiver": 6,
    "is_active": true
  }
},
{
  "model": "friends.friendrequest",
  "pk": 31,
  "fields": {
    "created_at": "2021-06-13T23:35:08.258Z",
    "updated_at": "2021-06-13T23:53:59.638Z",
    "sender": 5,
    "receiver": 11,
    "is_active": false
  }
},
{
  "model": "friends.friendrequest",
  "pk": 32,
  "fields": {
    "created_at": "2021-06-13T23:38:01.006Z",
    "updated_at": "2021-06-13T23:54:00.260Z",
    "sender": 2,
    "receiver": 11,
    "is_active": false
  }
},
{
  "model": "friends.friendrequest",
  "pk": 33,
  "fields": {
    "created_at": "2021-06-14T00:44:10.117Z",
    "updated_at": "2021-06-14T00:44:16.695Z",
    "sender": 12,
    "receiver": 1,
    "is_active": false
  }
},
{
  "model": "needs.tagmodel",
  "pk": 1,
  "fields": {
    "created_at": "2021-06-06T21:59:17.370Z",
    "updated_at": "2021-06-06T21:59:17.370Z",
    "name": "activity",
    "special_tag": false,
    "is_active": false
  }
},
{
  "model": "needs.tagmodel",
  "pk": 2,
  "fields": {
    "created_at": "2021-06-06T21:59:38.419Z",
    "updated_at": "2021-06-06T21:59:38.419Z",
    "name": "chores",
    "special_tag": false,
    "is_active": false
  }
},
{
  "model": "needs.tagmodel",
  "pk": 3,
  "fields": {
    "created_at": "2021-06-06T21:59:43.226Z",
    "updated_at": "2021-06-06T21:59:43.226Z",
    "name": "contact",
    "special_tag": false,
    "is_active": false
  }
},
{
  "model": "needs.tagmodel",
  "pk": 4,
  "fields": {
    "created_at": "2021-06-06T22:01:03.368Z",
    "updated_at": "2021-06-06T22:01:03.368Z",
    "name": "touch",
    "special_tag": false,
    "is_active": false
  }
},
{
  "model": "needs.tagmodel",
  "pk": 5,
  "fields": {
    "created_at": "2021-06-06T22:01:30.101Z",
    "updated_at": "2021-06-06T22:01:30.101Z",
    "name": "food",
    "special_tag": false,
    "is_active": false
  }
},
{
  "model": "needs.tagmodel",
  "pk": 6,
  "fields": {
    "created_at": "2021-06-06T22:01:39.940Z",
    "updated_at": "2021-06-06T22:01:39.940Z",
    "name": "hunger",
    "special_tag": false,
    "is_active": false
  }
},
{
  "model": "needs.tagmodel",
  "pk": 7,
  "fields": {
    "created_at": "2021-06-07T17:38:21.601Z",
    "updated_at": "2021-06-07T17:38:21.601Z",
    "name": "social",
    "special_tag": false,
    "is_active": false
  }
},
{
  "model": "needs.tagmodel",
  "pk": 8,
  "fields": {
    "created_at": "2021-06-07T17:58:39.350Z",
    "updated_at": "2021-06-07T17:58:39.350Z",
    "name": "games",
    "special_tag": false,
    "is_active": false
  }
},
{
  "model": "needs.tagmodel",
  "pk": 9,
  "fields": {
    "created_at": "2021-06-07T17:58:47.739Z",
    "updated_at": "2021-06-07T17:58:47.739Z",
    "name": "boardgames",
    "special_tag": false,
    "is_active": false
  }
},
{
  "model": "needs.tagmodel",
  "pk": 10,
  "fields": {
    "created_at": "2021-06-07T17:58:55.501Z",
    "updated_at": "2021-06-07T17:58:55.501Z",
    "name": "fun",
    "special_tag": false,
    "is_active": false
  }
},
{
  "model": "needs.tagmodel",
  "pk": 11,
  "fields": {
    "created_at": "2021-06-09T20:15:42.718Z",
    "updated_at": "2021-06-09T20:15:42.718Z",
    "name": "financial",
    "special_tag": false,
    "is_active": false
  }
},
{
  "model": "needs.tagmodel",
  "pk": 12,
  "fields": {
    "created_at": "2021-06-09T20:15:52.293Z",
    "updated_at": "2021-06-09T20:15:52.293Z",
    "name": "money",
    "special_tag": false,
    "is_active": false
  }
},
{
  "model": "needs.tagmodel",
  "pk": 13,
  "fields": {
    "created_at": "2021-06-09T20:16:32.152Z",
    "updated_at": "2021-06-09T20:16:32.152Z",
    "name": "gift",
    "special_tag": false,
    "is_active": false
  }
},
{
  "model": "needs.tagmodel",
  "pk": 14,
  "fields": {
    "created_at": "2021-06-13T23:48:51.082Z",
    "updated_at": "2021-06-15T09:16:14.079Z",
    "name": "coitus",
    "special_tag": true,
    "is_active": false
  }
},
{
  "model": "needs.categorymodel",
  "pk": 1,
  "fields": {
    "created_at": "2021-06-06T21:57:59.739Z",
    "updated_at": "2021-06-06T21:57:59.739Z",
    "name": "Acts of Service",
    "special_tag": false,
    "is_active": false
  }
},
{
  "model": "needs.categorymodel",
  "pk": 2,
  "fields": {
    "created_at": "2021-06-06T21:58:04.431Z",
    "updated_at": "2021-06-06T21:58:04.431Z",
    "name": "Receiving Gifts",
    "special_tag": false,
    "is_active": false
  }
},
{
  "model": "needs.categorymodel",
  "pk": 3,
  "fields": {
    "created_at": "2021-06-06T21:58:08.471Z",
    "updated_at": "2021-06-06T21:58:08.471Z",
    "name": "Physical Touch",
    "special_tag": false,
    "is_active": false
  }
},
{
  "model": "needs.categorymodel",
  "pk": 4,
  "fields": {
    "created_at": "2021-06-06T21:58:34.167Z",
    "updated_at": "2021-06-06T21:58:34.167Z",
    "name": "Quality Time",
    "special_tag": false,
    "is_active": false
  }
},
{
  "model": "needs.categorymodel",
  "pk": 5,
  "fields": {
    "created_at": "2021-06-06T21:58:40.884Z",
    "updated_at": "2021-06-06T21:58:40.884Z",
    "name": "Words of Affirmation",
    "special_tag": false,
    "is_active": false
  }
},
{
  "model": "needs.needmodel",
  "pk": 1,
  "fields": {
    "created_at": "2021-06-06T21:59:57.040Z",
    "updated_at": "2021-06-06T21:59:57.040Z",
    "name": "hug",
    "special_tag": false,
    "is_active": false
  }
},
{
  "model": "needs.needmodel",
  "pk": 2,
  "fields": {
    "created_at": "2021-06-06T22:00:10.624Z",
    "updated_at": "2021-06-06T22:00:10.624Z",
    "name": "Pizza",
    "special_tag": false,
    "is_active": false
  }
},
{
  "model": "needs.needmodel",
  "pk": 3,
  "fields": {
    "created_at": "2021-06-07T17:38:42.094Z",
    "updated_at": "2021-06-07T17:38:42.094Z",
    "name": "boardgame night",
    "special_tag": false,
    "is_active": false
  }
},
{
  "model": "needs.needmodel",
  "pk": 4,
  "fields": {
    "created_at": "2021-06-07T17:38:46.831Z",
    "updated_at": "2021-06-07T17:38:46.831Z",
    "name": "funimation and penetration",
    "special_tag": true,
    "is_active": false
  }
},
{
  "model": "needs.needmodel",
  "pk": 5,
  "fields": {
    "created_at": "2021-06-07T21:24:07.276Z",
    "updated_at": "2021-06-07T21:24:07.276Z",
    "name": "drinks",
    "special_tag": false,
    "is_active": false
  }
},
{
  "model": "needs.needmodel",
  "pk": 6,
  "fields": {
    "created_at": "2021-06-09T20:15:30.633Z",
    "updated_at": "2021-06-09T20:15:30.633Z",
    "name": "money",
    "special_tag": false,
    "is_active": false
  }
},
{
  "model": "needs.needmodel",
  "pk": 7,
  "fields": {
    "created_at": "2021-06-09T20:16:09.264Z",
    "updated_at": "2021-06-09T20:16:09.264Z",
    "name": "clothes",
    "special_tag": false,
    "is_active": false
  }
},
{
  "model": "needs.needmodel",
  "pk": 8,
  "fields": {
    "created_at": "2021-06-11T19:34:07.525Z",
    "updated_at": "2021-06-11T19:34:07.525Z",
    "name": "clean house",
    "special_tag": false,
    "is_active": false
  }
},
{
  "model": "needs.needmodel",
  "pk": 9,
  "fields": {
    "created_at": "2021-06-11T23:50:21.154Z",
    "updated_at": "2021-06-15T08:25:31.184Z",
    "name": "PP",
    "special_tag": true,
    "is_active": false
  }
},
{
  "model": "needs.needmodel",
  "pk": 10,
  "fields": {
    "created_at": "2021-06-13T23:48:39.227Z",
    "updated_at": "2021-06-15T08:25:18.595Z",
    "name": "barbaric fornication",
    "special_tag": true,
    "is_active": false
  }
},
{
  "model": "needs.needmodel",
  "pk": 11,
  "fields": {
    "created_at": "2021-06-15T08:27:04.622Z",
    "updated_at": "2021-06-15T08:27:04.622Z",
    "name": "socializing",
    "special_tag": false,
    "is_active": false
  }
},
{
  "model": "needs.needtemplatemodel",
  "pk": 1,
  "fields": {
    "created_at": "2021-06-06T22:01:15.607Z",
    "updated_at": "2021-06-06T22:01:15.607Z",
    "need": 1,
    "tag": [
      3,
      4
    ],
    "category": [
      3
    ]
  }
},
{
  "model": "needs.needtemplatemodel",
  "pk": 2,
  "fields": {
    "created_at": "2021-06-06T22:02:07.050Z",
    "updated_at": "2021-06-06T22:02:07.050Z",
    "need": 2,
    "tag": [
      1,
      5,
      6
    ],
    "category": [
      4
    ]
  }
},
{
  "model": "needs.needtemplatemodel",
  "pk": 3,
  "fields": {
    "created_at": "2021-06-07T18:03:43.701Z",
    "updated_at": "2021-06-07T18:03:43.701Z",
    "need": 3,
    "tag": [
      1,
      7,
      8,
      9,
      10
    ],
    "category": [
      4
    ]
  }
},
{
  "model": "needs.needtemplatemodel",
  "pk": 4,
  "fields": {
    "created_at": "2021-06-09T20:17:11.133Z",
    "updated_at": "2021-06-09T20:17:11.133Z",
    "need": 7,
    "tag": [
      13
    ],
    "category": [
      2
    ]
  }
},
{
  "model": "needs.needtemplatemodel",
  "pk": 5,
  "fields": {
    "created_at": "2021-06-10T12:58:16.225Z",
    "updated_at": "2021-06-10T12:58:16.225Z",
    "need": 1,
    "tag": [
      3
    ],
    "category": [
      4
    ]
  }
},
{
  "model": "needs.needtemplatemodel",
  "pk": 6,
  "fields": {
    "created_at": "2021-06-10T12:58:21.279Z",
    "updated_at": "2021-06-10T12:58:21.279Z",
    "need": 6,
    "tag": [
      3
    ],
    "category": [
      4
    ]
  }
},
{
  "model": "needs.needtemplatemodel",
  "pk": 7,
  "fields": {
    "created_at": "2021-06-10T12:58:35.696Z",
    "updated_at": "2021-06-10T12:58:35.696Z",
    "need": 3,
    "tag": [
      13
    ],
    "category": [
      5
    ]
  }
},
{
  "model": "needs.needtemplatemodel",
  "pk": 8,
  "fields": {
    "created_at": "2021-06-11T19:34:41.967Z",
    "updated_at": "2021-06-11T19:34:41.967Z",
    "need": 8,
    "tag": [
      1,
      2
    ],
    "category": [
      1
    ]
  }
},
{
  "model": "needs.needtemplatemodel",
  "pk": 9,
  "fields": {
    "created_at": "2021-06-11T23:50:47.679Z",
    "updated_at": "2021-06-11T23:50:47.679Z",
    "need": 9,
    "tag": [
      1
    ],
    "category": [
      3
    ]
  }
},
{
  "model": "needs.needtemplatemodel",
  "pk": 10,
  "fields": {
    "created_at": "2021-06-13T23:30:40.897Z",
    "updated_at": "2021-06-13T23:30:40.897Z",
    "need": 4,
    "tag": [
      3
    ],
    "category": [
      1
    ]
  }
},
{
  "model": "needs.needtemplatemodel",
  "pk": 11,
  "fields": {
    "created_at": "2021-06-13T23:49:36.471Z",
    "updated_at": "2021-06-13T23:49:36.471Z",
    "need": 10,
    "tag": [
      14
    ],
    "category": [
      1
    ]
  }
},
{
  "model": "needs.needtemplatemodel",
  "pk": 12,
  "fields": {
    "created_at": "2021-06-15T09:15:10.507Z",
    "updated_at": "2021-06-15T09:15:10.507Z",
    "need": 7,
    "tag": [
      1,
      2,
      3,
      14
    ],
    "category": [
      1
    ]
  }
},
{
  "model": "needs.needtemplatemodel",
  "pk": 13,
  "fields": {
    "created_at": "2021-06-15T09:17:07.774Z",
    "updated_at": "2021-06-15T09:17:07.774Z",
    "need": 7,
    "tag": [
      1,
      2,
      3,
      14
    ],
    "category": [
      1
    ]
  }
},
{
  "model": "needs.needtemplatemodel",
  "pk": 14,
  "fields": {
    "created_at": "2021-06-16T19:12:01.492Z",
    "updated_at": "2021-06-16T19:12:01.492Z",
    "need": 11,
    "tag": [
      1,
      7
    ],
    "category": [
      4
    ]
  }
},
{
  "model": "needs.userneedmodel",
  "pk": 3,
  "fields": {
    "created_at": "2021-06-06T23:21:01.365Z",
    "updated_at": "2021-06-06T23:21:01.367Z",
    "user": 3,
    "need": 2,
    "type": "Friends",
    "is_active": true,
    "is_group": false,
    "completed": false,
    "ongoing": false,
    "is_special": false,
    "pending_list": [],
    "confirmed_with": []
  }
},
{
  "model": "needs.userneedmodel",
  "pk": 10,
  "fields": {
    "created_at": "2021-06-07T22:21:14.127Z",
    "updated_at": "2021-06-10T06:17:54.155Z",
    "user": 2,
    "need": 1,
    "type": "Friends",
    "is_active": true,
    "is_group": false,
    "completed": true,
    "ongoing": true,
    "is_special": false,
    "pending_list": [
      5
    ],
    "confirmed_with": [
      1
    ]
  }
},
{
  "model": "needs.userneedmodel",
  "pk": 13,
  "fields": {
    "created_at": "2021-06-10T01:08:15.586Z",
    "updated_at": "2021-06-11T18:10:04.552Z",
    "user": 2,
    "need": 2,
    "type": "Friends",
    "is_active": true,
    "is_group": false,
    "completed": true,
    "ongoing": true,
    "is_special": false,
    "pending_list": [],
    "confirmed_with": [
      1,
      5
    ]
  }
},
{
  "model": "needs.userneedmodel",
  "pk": 18,
  "fields": {
    "created_at": "2021-06-10T12:58:04.298Z",
    "updated_at": "2021-06-10T13:05:23.106Z",
    "user": 7,
    "need": 1,
    "type": "Friends",
    "is_active": true,
    "is_group": false,
    "completed": false,
    "ongoing": false,
    "is_special": false,
    "pending_list": [
      1
    ],
    "confirmed_with": []
  }
},
{
  "model": "needs.userneedmodel",
  "pk": 19,
  "fields": {
    "created_at": "2021-06-10T12:58:26.889Z",
    "updated_at": "2021-06-10T13:05:23.887Z",
    "user": 7,
    "need": 4,
    "type": "Friends",
    "is_active": true,
    "is_group": false,
    "completed": false,
    "ongoing": false,
    "is_special": false,
    "pending_list": [],
    "confirmed_with": []
  }
},
{
  "model": "needs.userneedmodel",
  "pk": 29,
  "fields": {
    "created_at": "2021-06-11T19:25:13.656Z",
    "updated_at": "2021-06-13T18:22:20.903Z",
    "user": 1,
    "need": 1,
    "type": "Friends",
    "is_active": true,
    "is_group": false,
    "completed": true,
    "ongoing": true,
    "is_special": false,
    "pending_list": [],
    "confirmed_with": [
      5
    ]
  }
},
{
  "model": "needs.userneedmodel",
  "pk": 30,
  "fields": {
    "created_at": "2021-06-11T19:29:22.487Z",
    "updated_at": "2021-06-11T19:29:22.489Z",
    "user": 2,
    "need": 4,
    "type": "Friends",
    "is_active": true,
    "is_group": false,
    "completed": false,
    "ongoing": false,
    "is_special": false,
    "pending_list": [
      7
    ],
    "confirmed_with": []
  }
},
{
  "model": "needs.userneedmodel",
  "pk": 31,
  "fields": {
    "created_at": "2021-06-11T19:29:27.652Z",
    "updated_at": "2021-06-11T19:29:27.655Z",
    "user": 2,
    "need": 7,
    "type": "Friends",
    "is_active": true,
    "is_group": false,
    "completed": false,
    "ongoing": false,
    "is_special": false,
    "pending_list": [
      7
    ],
    "confirmed_with": []
  }
},
{
  "model": "needs.userneedmodel",
  "pk": 36,
  "fields": {
    "created_at": "2021-06-11T19:34:49.141Z",
    "updated_at": "2021-06-15T21:11:52.143Z",
    "user": 5,
    "need": 8,
    "type": "Friends",
    "is_active": true,
    "is_group": false,
    "completed": true,
    "ongoing": true,
    "is_special": false,
    "pending_list": [],
    "confirmed_with": [
      1
    ]
  }
},
{
  "model": "needs.userneedmodel",
  "pk": 37,
  "fields": {
    "created_at": "2021-06-11T22:48:55.357Z",
    "updated_at": "2021-06-15T20:58:26.656Z",
    "user": 1,
    "need": 8,
    "type": "Friends",
    "is_active": true,
    "is_group": false,
    "completed": false,
    "ongoing": true,
    "is_special": false,
    "pending_list": [],
    "confirmed_with": [
      5
    ]
  }
},
{
  "model": "needs.userneedmodel",
  "pk": 38,
  "fields": {
    "created_at": "2021-06-11T22:49:17.724Z",
    "updated_at": "2021-06-15T18:39:55.817Z",
    "user": 1,
    "need": 2,
    "type": "Friends",
    "is_active": true,
    "is_group": false,
    "completed": false,
    "ongoing": false,
    "is_special": false,
    "pending_list": [],
    "confirmed_with": []
  }
},
{
  "model": "needs.userneedmodel",
  "pk": 39,
  "fields": {
    "created_at": "2021-06-11T23:49:59.424Z",
    "updated_at": "2021-06-15T10:07:24.479Z",
    "user": 8,
    "need": 4,
    "type": "1",
    "is_active": true,
    "is_group": false,
    "completed": false,
    "ongoing": true,
    "is_special": false,
    "pending_list": [],
    "confirmed_with": [
      1
    ]
  }
},
{
  "model": "needs.userneedmodel",
  "pk": 40,
  "fields": {
    "created_at": "2021-06-11T23:50:51.841Z",
    "updated_at": "2021-06-15T10:07:28.854Z",
    "user": 8,
    "need": 9,
    "type": "1",
    "is_active": true,
    "is_group": false,
    "completed": false,
    "ongoing": true,
    "is_special": true,
    "pending_list": [],
    "confirmed_with": [
      1
    ]
  }
},
{
  "model": "needs.userneedmodel",
  "pk": 41,
  "fields": {
    "created_at": "2021-06-11T23:51:16.348Z",
    "updated_at": "2021-06-15T10:06:58.495Z",
    "user": 8,
    "need": 6,
    "type": "1",
    "is_active": true,
    "is_group": false,
    "completed": false,
    "ongoing": false,
    "is_special": false,
    "pending_list": [],
    "confirmed_with": []
  }
},
{
  "model": "needs.userneedmodel",
  "pk": 42,
  "fields": {
    "created_at": "2021-06-12T00:03:17.215Z",
    "updated_at": "2021-06-15T18:31:44.467Z",
    "user": 5,
    "need": 5,
    "type": "Friends",
    "is_active": true,
    "is_group": false,
    "completed": true,
    "ongoing": true,
    "is_special": false,
    "pending_list": [],
    "confirmed_with": [
      1
    ]
  }
},
{
  "model": "needs.userneedmodel",
  "pk": 43,
  "fields": {
    "created_at": "2021-06-12T00:03:39.794Z",
    "updated_at": "2021-06-15T17:46:51.979Z",
    "user": 5,
    "need": 6,
    "type": "Friends",
    "is_active": true,
    "is_group": false,
    "completed": false,
    "ongoing": false,
    "is_special": false,
    "pending_list": [
      1
    ],
    "confirmed_with": []
  }
},
{
  "model": "needs.userneedmodel",
  "pk": 44,
  "fields": {
    "created_at": "2021-06-13T18:21:30.826Z",
    "updated_at": "2021-06-13T23:41:52.571Z",
    "user": 1,
    "need": 7,
    "type": "Friends",
    "is_active": true,
    "is_group": false,
    "completed": true,
    "ongoing": true,
    "is_special": false,
    "pending_list": [],
    "confirmed_with": [
      11
    ]
  }
},
{
  "model": "needs.userneedmodel",
  "pk": 47,
  "fields": {
    "created_at": "2021-06-13T20:00:52.592Z",
    "updated_at": "2021-06-13T20:00:52.595Z",
    "user": 4,
    "need": 4,
    "type": "Friends",
    "is_active": true,
    "is_group": false,
    "completed": false,
    "ongoing": false,
    "is_special": false,
    "pending_list": [],
    "confirmed_with": []
  }
},
{
  "model": "needs.userneedmodel",
  "pk": 48,
  "fields": {
    "created_at": "2021-06-13T21:40:11.385Z",
    "updated_at": "2021-06-13T21:40:11.388Z",
    "user": 3,
    "need": 6,
    "type": "Friends",
    "is_active": true,
    "is_group": false,
    "completed": false,
    "ongoing": false,
    "is_special": false,
    "pending_list": [],
    "confirmed_with": []
  }
},
{
  "model": "needs.userneedmodel",
  "pk": 49,
  "fields": {
    "created_at": "2021-06-13T23:08:41.305Z",
    "updated_at": "2021-06-13T23:08:41.309Z",
    "user": 5,
    "need": 3,
    "type": "Friends",
    "is_active": true,
    "is_group": false,
    "completed": false,
    "ongoing": false,
    "is_special": false,
    "pending_list": [
      1
    ],
    "confirmed_with": []
  }
},
{
  "model": "needs.userneedmodel",
  "pk": 50,
  "fields": {
    "created_at": "2021-06-13T23:30:49.273Z",
    "updated_at": "2021-06-15T10:03:24.705Z",
    "user": 11,
    "need": 10,
    "type": "1",
    "is_active": true,
    "is_group": false,
    "completed": true,
    "ongoing": true,
    "is_special": true,
    "pending_list": [],
    "confirmed_with": [
      1
    ]
  }
},
{
  "model": "needs.userneedmodel",
  "pk": 51,
  "fields": {
    "created_at": "2021-06-13T23:49:39.799Z",
    "updated_at": "2021-06-15T10:02:40.264Z",
    "user": 11,
    "need": 11,
    "type": "1",
    "is_active": true,
    "is_group": false,
    "completed": false,
    "ongoing": false,
    "is_special": true,
    "pending_list": [],
    "confirmed_with": [
      1
    ]
  }
},
{
  "model": "needs.userneedmodel",
  "pk": 52,
  "fields": {
    "created_at": "2021-06-15T08:59:48.130Z",
    "updated_at": "2021-06-15T09:11:34.446Z",
    "user": 5,
    "need": 11,
    "type": "Friends",
    "is_active": true,
    "is_group": false,
    "completed": false,
    "ongoing": false,
    "is_special": true,
    "pending_list": [],
    "confirmed_with": []
  }
},
{
  "model": "needs.userneedmodel",
  "pk": 54,
  "fields": {
    "created_at": "2021-06-15T09:17:58.298Z",
    "updated_at": "2021-06-15T09:17:58.303Z",
    "user": 5,
    "need": 13,
    "type": "Friends",
    "is_active": true,
    "is_group": false,
    "completed": false,
    "ongoing": false,
    "is_special": true,
    "pending_list": [],
    "confirmed_with": []
  }
},
{
  "model": "users.authuser",
  "pk": 1,
  "fields": {
    "password": "pbkdf2_sha256$216000$7tpTHuDf1Qwl$ledasZGrozEMXg1A34ywWauPJEUqjSUrwas9iQ0a+Jg=",
    "last_login": "2021-06-15T11:14:27.286Z",
    "is_superuser": true,
    "is_staff": true,
    "is_active": true,
    "date_joined": "2021-06-06T21:57:11Z",
    "first_name": "Alex",
    "last_name": "Csibi",
    "email": "alex.csibi@gmail.com",
    "groups": [],
    "user_permissions": []
  }
},
{
  "model": "users.authuser",
  "pk": 2,
  "fields": {
    "password": "pbkdf2_sha256$216000$WTuPHObsXrVd$AIUnYSLQn+vJROrCOjPdLjPpH4eaGGDTt3oJHRUhktI=",
    "last_login": "2021-06-15T10:57:45.430Z",
    "is_superuser": false,
    "is_staff": false,
    "is_active": true,
    "date_joined": "2021-06-06T23:13:05.279Z",
    "first_name": "Test1",
    "last_name": "1",
    "email": "test@email.com",
    "groups": [],
    "user_permissions": []
  }
},
{
  "model": "users.authuser",
  "pk": 3,
  "fields": {
    "password": "pbkdf2_sha256$216000$DTY2n5xdrAgR$pTVM6mMtF5iYNnOrs903bm1Id9Xwul4wucTs5SU9Nz4=",
    "last_login": "2021-06-13T22:19:40.491Z",
    "is_superuser": false,
    "is_staff": false,
    "is_active": true,
    "date_joined": "2021-06-06T23:17:00.072Z",
    "first_name": "Preafericitul",
    "last_name": "Daniel",
    "email": "pfd@email.com",
    "groups": [],
    "user_permissions": []
  }
},
{
  "model": "users.authuser",
  "pk": 4,
  "fields": {
    "password": "pbkdf2_sha256$216000$UNNHslEhm9iH$zKGODBsnuSeumcPIDDtX8+maiYEUm5PfE03J0Ytaq8k=",
    "last_login": "2021-06-13T23:03:13.971Z",
    "is_superuser": false,
    "is_staff": false,
    "is_active": true,
    "date_joined": "2021-06-07T19:30:13.404Z",
    "first_name": "test2",
    "last_name": "2",
    "email": "test2@email.com",
    "groups": [],
    "user_permissions": []
  }
},
{
  "model": "users.authuser",
  "pk": 5,
  "fields": {
    "password": "pbkdf2_sha256$216000$8cAB2NsjrXM0$6RnQsnz5P1ciKgsse1rWjxDaVCPk15hfYo4YdHriRnM=",
    "last_login": "2021-06-15T09:43:07.042Z",
    "is_superuser": false,
    "is_staff": false,
    "is_active": true,
    "date_joined": "2021-06-10T06:03:31.233Z",
    "first_name": "Opera",
    "last_name": "Browser",
    "email": "opera@email.com",
    "groups": [],
    "user_permissions": []
  }
},
{
  "model": "users.authuser",
  "pk": 6,
  "fields": {
    "password": "pbkdf2_sha256$216000$KRrSsGKPJxQy$YFc8IV3kwvDzPnxMjtQ4bPnyphJkY3733kYgWShv89U=",
    "last_login": "2021-06-10T06:51:47.382Z",
    "is_superuser": false,
    "is_staff": false,
    "is_active": true,
    "date_joined": "2021-06-10T06:51:38.956Z",
    "first_name": "Simba",
    "last_name": "Lion",
    "email": "king@email.com",
    "groups": [],
    "user_permissions": []
  }
},
{
  "model": "users.authuser",
  "pk": 7,
  "fields": {
    "password": "pbkdf2_sha256$216000$cUpmoJAWxRy4$kSQi6Be8HF+1Q5kXavCwwWa1dr+Oypj6XFK9qKnoFWc=",
    "last_login": "2021-06-10T12:54:23.424Z",
    "is_superuser": false,
    "is_staff": false,
    "is_active": true,
    "date_joined": "2021-06-10T12:53:48.133Z",
    "first_name": "Diab",
    "last_name": "Chraif",
    "email": "chraifdiab@gmail.com",
    "groups": [],
    "user_permissions": []
  }
},
{
  "model": "users.authuser",
  "pk": 8,
  "fields": {
    "password": "pbkdf2_sha256$216000$mMDawFPpMf4b$Mrqlp9AR/AwM2vdN3l16kleyxhDW8kIGh+d7Z2GBxME=",
    "last_login": "2021-06-12T00:02:03.491Z",
    "is_superuser": false,
    "is_staff": false,
    "is_active": true,
    "date_joined": "2021-06-11T23:45:51.287Z",
    "first_name": "Potato",
    "last_name": "Girl",
    "email": "maria.cserei@icloud.com",
    "groups": [],
    "user_permissions": []
  }
},
{
  "model": "users.authuser",
  "pk": 9,
  "fields": {
    "password": "pbkdf2_sha256$216000$l9Mdppt5UxgE$qD9K/z9TSrwK6y/NmV3dBoLGUKZS0V2OAzXx1wufI5Q=",
    "last_login": "2021-06-13T19:56:26.273Z",
    "is_superuser": false,
    "is_staff": false,
    "is_active": true,
    "date_joined": "2021-06-13T19:56:15.004Z",
    "first_name": "test3",
    "last_name": "3",
    "email": "test3@email.com",
    "groups": [],
    "user_permissions": []
  }
},
{
  "model": "users.authuser",
  "pk": 10,
  "fields": {
    "password": "pbkdf2_sha256$216000$idqcK7GMg4Rj$Cyo2P5SYJT3v4eU/VPBHCLoOdmO3rdinoIaDob3ccKM=",
    "last_login": "2021-06-13T22:42:47.521Z",
    "is_superuser": false,
    "is_staff": false,
    "is_active": true,
    "date_joined": "2021-06-13T21:41:23.173Z",
    "first_name": "test4",
    "last_name": "4",
    "email": "test4@email.com",
    "groups": [],
    "user_permissions": []
  }
},
{
  "model": "users.authuser",
  "pk": 11,
  "fields": {
    "password": "pbkdf2_sha256$216000$n2nCfFgbbr2a$yE02IU25n7gepytZlneIbZ+tIDfAxD7h7PVdvARICjE=",
    "last_login": "2021-06-13T23:36:48Z",
    "is_superuser": false,
    "is_staff": false,
    "is_active": true,
    "date_joined": "2021-06-13T23:24:50Z",
    "first_name": "Prieten",
    "last_name": "Degenerat",
    "email": "pulapulapizdapizda@pula.pizda",
    "groups": [],
    "user_permissions": []
  }
},
{
  "model": "users.authuser",
  "pk": 12,
  "fields": {
    "password": "pbkdf2_sha256$216000$JDwFfoYePTyy$h2q/9xvfnHVmtu7HVY9NsXY8pdqvUR6oCX7iiIN3BJs=",
    "last_login": "2021-06-14T00:41:11.537Z",
    "is_superuser": false,
    "is_staff": false,
    "is_active": true,
    "date_joined": "2021-06-14T00:40:59.285Z",
    "first_name": "Edge",
    "last_name": "Browser",
    "email": "edge@email.com",
    "groups": [],
    "user_permissions": []
  }
},
{
  "model": "users.profile",
  "pk": 1,
  "fields": {
    "created_at": "2021-06-06T21:57:11.929Z",
    "updated_at": "2021-06-15T03:07:10.324Z",
    "user": 1,
    "about": "un sarac",
    "city": "Cluj-Napoca",
    "country": null,
    "avatar": "profiles/178962668_3969461986502064_6827131448429810460_n.jpg",
    "friends": [
      3,
      4,
      5,
      6,
      7,
      8,
      11,
      12
    ]
  }
},
{
  "model": "users.profile",
  "pk": 2,
  "fields": {
    "created_at": "2021-06-06T23:13:05.406Z",
    "updated_at": "2021-06-15T10:58:10.069Z",
    "user": 2,
    "about": "lemons",
    "city": "Cluj-Napoca",
    "country": null,
    "avatar": "profiles/aoPZxG0_700bwp_1.webp",
    "friends": [
      3,
      4,
      5,
      6,
      7,
      11
    ]
  }
},
{
  "model": "users.profile",
  "pk": 3,
  "fields": {
    "created_at": "2021-06-06T23:17:00.199Z",
    "updated_at": "2021-06-13T21:39:10.693Z",
    "user": 3,
    "about": null,
    "city": "Cluj-Napoca",
    "country": null,
    "avatar": "profiles/pfd.png",
    "friends": [
      1,
      2,
      5
    ]
  }
},
{
  "model": "users.profile",
  "pk": 4,
  "fields": {
    "created_at": "2021-06-07T19:30:13.524Z",
    "updated_at": "2021-06-07T19:32:19.326Z",
    "user": 4,
    "about": null,
    "city": "Cluj-Napoca",
    "country": null,
    "avatar": "default_avatar.png",
    "friends": [
      1,
      2,
      5,
      7,
      9
    ]
  }
},
{
  "model": "users.profile",
  "pk": 5,
  "fields": {
    "created_at": "2021-06-10T06:03:31.351Z",
    "updated_at": "2021-06-11T23:00:18.444Z",
    "user": 5,
    "about": null,
    "city": "Cluj-Napoca",
    "country": null,
    "avatar": "profiles/58481821cef1014c0b5e499f.png",
    "friends": [
      1,
      2,
      3,
      4,
      6,
      7,
      8,
      11
    ]
  }
},
{
  "model": "users.profile",
  "pk": 6,
  "fields": {
    "created_at": "2021-06-10T06:51:39.085Z",
    "updated_at": "2021-06-10T06:52:11.048Z",
    "user": 6,
    "about": null,
    "city": "Cluj-Napoca",
    "country": null,
    "avatar": "default_avatar.png",
    "friends": [
      1,
      2,
      5
    ]
  }
},
{
  "model": "users.profile",
  "pk": 7,
  "fields": {
    "created_at": "2021-06-10T12:53:48.353Z",
    "updated_at": "2021-06-10T12:54:42.921Z",
    "user": 7,
    "about": "Yass",
    "city": "Cluj-Napoca",
    "country": "Romania",
    "avatar": "default_avatar.png",
    "friends": [
      1,
      2,
      4,
      5,
      10
    ]
  }
},
{
  "model": "users.profile",
  "pk": 8,
  "fields": {
    "created_at": "2021-06-11T23:45:51.431Z",
    "updated_at": "2021-06-12T00:16:18.304Z",
    "user": 8,
    "about": "I'm usually poopy",
    "city": "Cluj-Napoca",
    "country": null,
    "avatar": "profiles/90a48800eaf4db365c6e74a72b695d5b.gif",
    "friends": [
      1,
      5
    ]
  }
},
{
  "model": "users.profile",
  "pk": 9,
  "fields": {
    "created_at": "2021-06-13T19:56:15.126Z",
    "updated_at": "2021-06-13T19:58:11.850Z",
    "user": 9,
    "about": null,
    "city": "Cluj-Napoca",
    "country": null,
    "avatar": "default_avatar.png",
    "friends": [
      4
    ]
  }
},
{
  "model": "users.profile",
  "pk": 10,
  "fields": {
    "created_at": "2021-06-13T21:41:23.296Z",
    "updated_at": "2021-06-13T21:48:05.536Z",
    "user": 10,
    "about": null,
    "city": "Cluj-Napoca",
    "country": null,
    "avatar": "default_avatar.png",
    "friends": [
      7
    ]
  }
},
{
  "model": "users.profile",
  "pk": 11,
  "fields": {
    "created_at": "2021-06-13T23:24:50.710Z",
    "updated_at": "2021-06-13T23:28:27.742Z",
    "user": 11,
    "about": "Pulalau",
    "city": "Cluj-Napoca",
    "country": "Romania",
    "avatar": "profiles/Valerie_Crump_white_background.png",
    "friends": [
      1,
      2,
      5
    ]
  }
},
{
  "model": "users.profile",
  "pk": 12,
  "fields": {
    "created_at": "2021-06-14T00:40:59.404Z",
    "updated_at": "2021-06-14T00:42:24.826Z",
    "user": 12,
    "about": "Happy Y2K !",
    "city": "Cluj-Napoca",
    "country": null,
    "avatar": "profiles/edge.png",
    "friends": [
      1
    ]
  }
},
{
  "model": "users.statistics",
  "pk": 1,
  "fields": {
    "created_at": "2021-06-11T18:10:04.539Z",
    "updated_at": "2021-06-15T21:11:52.138Z",
    "user": 1,
    "completed": 5,
    "words": 2,
    "touch": 3,
    "acts": 2,
    "gifts": 0,
    "quality_time": 2
  }
},
{
  "model": "users.statistics",
  "pk": 2,
  "fields": {
    "created_at": "2021-06-11T18:10:04.545Z",
    "updated_at": "2021-06-15T17:46:51.981Z",
    "user": 5,
    "completed": 5,
    "words": 2,
    "touch": 3,
    "acts": 6,
    "gifts": 1,
    "quality_time": 5
  }
},
{
  "model": "users.statistics",
  "pk": 3,
  "fields": {
    "created_at": "2021-06-11T18:11:44.064Z",
    "updated_at": "2021-06-15T17:46:44.042Z",
    "user": 7,
    "completed": 4,
    "words": 0,
    "touch": 0,
    "acts": 0,
    "gifts": 0,
    "quality_time": 0
  }
},
{
  "model": "users.statistics",
  "pk": 4,
  "fields": {
    "created_at": "2021-06-11T18:11:49.827Z",
    "updated_at": "2021-06-11T19:47:26.645Z",
    "user": 2,
    "completed": 9,
    "words": 1,
    "touch": 0,
    "acts": 0,
    "gifts": 1,
    "quality_time": 0
  }
},
{
  "model": "users.statistics",
  "pk": 5,
  "fields": {
    "created_at": "2021-06-11T23:49:59.436Z",
    "updated_at": "2021-06-12T00:20:48.532Z",
    "user": 8,
    "completed": 2,
    "words": 0,
    "touch": 1,
    "acts": 0,
    "gifts": 1,
    "quality_time": 1
  }
},
{
  "model": "users.statistics",
  "pk": 6,
  "fields": {
    "created_at": "2021-06-13T19:56:56.203Z",
    "updated_at": "2021-06-13T19:56:59.665Z",
    "user": 9,
    "completed": 0,
    "words": 0,
    "touch": 0,
    "acts": 0,
    "gifts": 0,
    "quality_time": 1
  }
},
{
  "model": "users.statistics",
  "pk": 7,
  "fields": {
    "created_at": "2021-06-13T19:57:32.045Z",
    "updated_at": "2021-06-13T20:00:52.604Z",
    "user": 4,
    "completed": 0,
    "words": 0,
    "touch": 0,
    "acts": 0,
    "gifts": 2,
    "quality_time": 0
  }
},
{
  "model": "users.statistics",
  "pk": 8,
  "fields": {
    "created_at": "2021-06-13T21:31:25.283Z",
    "updated_at": "2021-06-13T21:40:11.394Z",
    "user": 3,
    "completed": 0,
    "words": 0,
    "touch": 0,
    "acts": 0,
    "gifts": 0,
    "quality_time": 1
  }
},
{
  "model": "users.statistics",
  "pk": 9,
  "fields": {
    "created_at": "2021-06-13T21:41:35.046Z",
    "updated_at": "2021-06-13T21:41:35.046Z",
    "user": 10,
    "completed": 0,
    "words": 0,
    "touch": 0,
    "acts": 0,
    "gifts": 0,
    "quality_time": 0
  }
},
{
  "model": "users.statistics",
  "pk": 10,
  "fields": {
    "created_at": "2021-06-13T23:25:21.907Z",
    "updated_at": "2021-06-13T23:49:39.822Z",
    "user": 11,
    "completed": 3,
    "words": 0,
    "touch": 0,
    "acts": 2,
    "gifts": 0,
    "quality_time": 0
  }
},
{
  "model": "users.statistics",
  "pk": 11,
  "fields": {
    "created_at": "2021-06-14T00:41:11.552Z",
    "updated_at": "2021-06-14T00:41:11.552Z",
    "user": 12,
    "completed": 0,
    "words": 0,
    "touch": 0,
    "acts": 0,
    "gifts": 0,
    "quality_time": 0
  }
}
]
